model,abs_err,rmse
EGARCH,0.8544880015257394,0.8544880015257394
GARCH11,1.096009167840434,1.096009167840434
GJRGARCH,1.0987131212936712,1.0987131212936712
