model,abs_err,rmse
EGARCH,0.6599905303175367,0.6599905303175367
GARCH11,0.7249677778208423,0.7249677778208423
GJRGARCH,0.7387408464754106,0.7387408464754106
